<?xml version="1.0" encoding="UTF-8"?>
<project version="4">
  <component name="EntryPointsManager">
    <entry_points version="2.0" />
  </component>
  <component name="ProjectKey">
    <option name="state" value="project://63537948-39a4-48a0-9c97-34259a0fa913" />
  </component>
  <component name="ProjectRootManager" version="2" languageLevel="JDK_1_8" project-jdk-name="1.8" project-jdk-type="JavaSDK">
    <output url="file://$PROJECT_DIR$/out" />
  </component>
</project>
© 2021 GitHub, Inc.
Te