<?xml version="1.0" encoding="UTF-8"?>
<project version="4">
  <component name="ChangeListManager">
    <list default="true" id="e8a04f9f-fb82-4da3-b075-09f2285f187d" name="Default" comment="" />
    <ignored path="$PROJECT_DIR$/out/" />
    <option name="EXCLUDED_CONVERTED_TO_IGNORED" value="true" />
    <option name="TRACKING_ENABLED" value="true" />
    <option name="SHOW_DIALOG" value="false" />
    <option name="HIGHLIGHT_CONFLICTS" value="true" />
    <option name="HIGHLIGHT_NON_ACTIVE_CHANGELIST" value="false" />
    <option name="LAST_RESOLUTION" value="IGNORE" />
  </component>
  <component name="FileEditorManager">
    <leaf SIDE_TABS_SIZE_LIMIT_KEY="300">
      <file leaf-file-name="Main.java" pinned="false" current-in-tab="false">
        <entry file="file://$PROJECT_DIR$/src/Main.java">
          <provider selected="true" editor-type-id="text-editor">
            <state relative-caret-position="204">
              <caret line="12" column="78" selection-start-line="12" selection-start-column="78" selection-end-line="12" selection-end-column="78" />
            </state>
          </provider>
        </entry>
      </file>
      <file leaf-file-name="Module1.java" pinned="false" current-in-tab="false">
        <entry file="file://$PROJECT_DIR$/src/Module1.java">
          <provider selected="true" editor-type-id="text-editor">
            <state relative-caret-position="289">
              <caret line="17" column="15" selection-start-line="17" selection-start-column="15" selection-end-line="22" selection-end-column="5" />
            </state>
          </provider>
        </entry>
      </file>
      <file leaf-file-name="Module2.java" pinned="false" current-in-tab="true">
        <entry file="file://$PROJECT_DIR$/src/Module2.java">
          <provider selected="true" editor-type-id="text-editor">
            <state relative-caret-position="27">
              <caret line="5" column="29" selection-start-line="5" selection-start-column="29" selection-end-line="5" selection-end-column="29" />
            </state>
          </provider>
        </entry>
      </file>
    </leaf>
  </component>
  <component name="FileTemplateManagerImpl">
    <option name="RECENT_TEMPLATES">
      <list>
        <option value="Class" />
      </list>
    </option>
  </component>
  <component name="IdeDocumentHistory">
    <option name="CHANGED_PATHS">
      <list>
        <option value="$PROJECT_DIR$/src/Module1.java" />
        <option value="$PROJECT_DIR$/src/Main.java" />
        <option value="$PROJECT_DIR$/src/Module2.java" />
      </list>
    </option>
  </component>
  <component name="ProjectFrameBounds" extendedState="6">
    <option name="x" value="10" />
    <option name="y" value="40" />
    <option name="width" value="1346" />
    <option name="height" value="688" />
  </component>
  <component name="ProjectView">
    <navigator proportions="" version="1">
      <foldersAlwaysOnTop value="true" />
    </navigator>
    <panes>
      <pane id="Scope" />
      <pane id="ProjectPane">
        <subPane>
          <expand>
            <path>
              <item name="Library_Management _System" type="b2602c69:ProjectViewProjectNode" />
              <item name="Library_Management _System" type="462c0819:PsiDirectoryNode" />
            </path>
            <path>
              <item name="Library_Management _System" type="b2602c69:ProjectViewProjectNode" />
              <item name="Library_Management _System" type="462c0819:PsiDirectoryNode" />
              <item name="src" type="462c0819:PsiDirectoryNode" />
            </path>
          </expand>
          <select />
        </subPane>
      </pane>
      <pane id="AndroidView" />
      <pane id="PackagesPane" />
    </panes>
  </component>
  <component name="RunDashboard">
    <option name="ruleStates">
      <list>
        <RuleState>
          <option name="name" value="ConfigurationTypeDashboardGroupingRule" />
        </RuleState>
        <RuleState>
          <option name="name" value="StatusDashboardGroupingRule" />
        </RuleState>
      </list>
    </option>
  </component>
  <component name="RunManager">
    <configuration name="Main" type="Application" factoryName="Application" temporary="true">
      <option name="MAIN_CLASS_NAME" value="Main" />
      <module name="Library_Management _System" />
      <option name="WORKING_DIRECTORY" value="file://$PROJECT_DIR$" />
      <RunnerSettings RunnerId="Run" />
      <ConfigurationWrapper RunnerId="Run" />
    </configuration>
    <recent_temporary>
      <list>
        <item itemvalue="Application.Main" />
      </list>
    </recent_temporary>
  </component>
  <component name="SvnConfiguration">
    <configuration />
  </component>
  <component name="TaskManager">
    <task active="true" id="Default" summary="Default task">
      <changelist id="e8a04f9f-fb82-4da3-b075-09f2285f187d" name="Default" comment="" />
      <created>1542913372736</created>
      <option name="number" value="Default" />
      <option name="presentableId" value="Default" />
      <updated>1542913372736</updated>
    </task>
    <servers />
  </component>
  <component name="ToolWindowManager">
    <frame x="-8" y="-8" width="1382" height="744" extended-state="6" />
    <editor active="true" />
    <layout>
      <window_info anchor="right" id="Palette" />
      <window_info anchor="bottom" id="TODO" order="6" />
      <window_info anchor="bottom" id="Messages" weight="0.32913387" />
      <window_info anchor="right" id="Palette&#9;" />
      <window_info id="Image Layers" />
      <window_info anchor="right" id="Capture Analysis" />
      <window_info anchor="bottom" id="Event Log" side_tool="true" />
      <window_info anchor="right" id="Maven Projects" />
      <window_info anchor="bottom" id="Version Control" show_stripe_button="false" />
      <window_info anchor="bottom" id="Run" order="2" weight="0.1511811" />
      <window_info anchor="bottom" id="Terminal" />
      <window_info id="Capture Tool" />
      <window_info id="Designer" />
      <window_info content_ui="combo" id="Project" order="0" visible="true" weight="0.24963397" />
      <window_info id="Structure" order="1" side_tool="true" weight="0.25" />
      <window_info anchor="right" id="Ant Build" order="1" weight="0.25" />
      <window_info id="UI Designer" />
      <window_info anchor="right" id="Theme Preview" />
      <window_info id="Favorites" side_tool="true" />
      <window_info anchor="bottom" id="Debug" order="3" weight="0.4" />
      <window_info anchor="bottom" id="Find" order="1" />
      <window_info anchor="right" id="Commander" internal_type="SLIDING" order="0" type="SLIDING" weight="0.4" />
      <window_info anchor="right" content_ui="combo" id="Hierarchy" order="2" weight="0.25" />
      <window_info anchor="bottom" id="Inspection" order="5" weight="0.4" />
      <window_info anchor="bottom" id="Message" order="0" />
      <window_info anchor="bottom" id="Cvs" order="4" weight="0.25" />
    </layout>
  </component>
  <component name="VcsContentAnnotationSettings">
    <option name="myLimit" value="2678400000" />
  </component>
  <component name="editorHistoryManager">
    <entry file="file://$PROJECT_DIR$/src/Module1.java">
      <provider selected="true" editor-type-id="text-editor">
        <state relative-caret-position="289">
          <caret line="17" column="15" selection-start-line="17" selection-start-column="15" selection-end-line="22" selection-end-column="5" />
        </state>
      </provider>
    </entry>
    <entry file="file://$PROJECT_DIR$/src/Main.java">
      <provider selected="true" editor-type-id="text-editor">
        <state relative-caret-position="204">
          <caret line="12" column="78" selection-start-line="12" selection-start-column="78" selection-end-line="12" selection-end-column="78" />
        </state>
      </provider>
    </entry>
    <entry file="file://$PROJECT_DIR$/src/Module2.java">
      <provider selected="true" editor-type-id="text-editor">
        <state relative-caret-position="27">
          <caret line="5" column="29" selection-start-line="5" selection-start-column="29" selection-end-line="5" selection-end-column="29" />
        </state>
      </provider>
    </entry>
  </component>
</project>